Workbook

Sheet Instrucciones
A1: Sistema tactico - Carrera de DT (minijuego)
A2: Modelo de resolucion de cruces 1v1 - v1.0 (MVP)
A5: COMO USAR ESTE ARCHIVO
A6: Hoja 'Calculadora' | B6: Es la unica hoja donde se escribe. Cargar los datos de los dos DTs y ver el resultado del cruce. Las celdas AMARILLAS con texto AZUL son las editables.
A7: Hoja 'Capa_A1_Pesos' | B7: Cuanto potencia o penaliza cada formacion a cada atributo del equipo. Es el ajuste sobre uno mismo: 'como aprovecho lo que tengo'.
A8: Hoja 'Capa_A2_Fit' | B8: Cuan compatible es el modelo de juego elegido con la formacion elegida. Ej: posesion en 4-3-3 = Alto; posesion en 4-4-2 = Bajo.
A9: Hoja 'Capa_B_Matchup' | B9: Ventaja o desventaja de zona de mi formacion CONTRA la formacion del rival. Es el ajuste relativo: 'que le gano y que le pierdo al de enfrente'.
A10: Hoja 'Test_Balance' | B10: Escenarios de prueba para verificar que el azar NO da vuelta una diferencia grande de habilidad.
A11: Hoja 'Notas_Tacticas' | B11: Justificacion futbolistica de cada numero de las tablas, con fuentes.
A13: LEYENDA DE COLORES
A14: Amarillo + texto azul | B14: Celda de entrada: se edita a mano.
A15: Texto negro | B15: Celda calculada por formula: NO tocar.
A16: Texto verde | B16: Valor traido de otra hoja.
A17: Beige | B17: Parametro de balanceo: se puede tocar para ajustar el juego, pero afecta a todo el sistema.
A19: LA FORMULA
A20: Paso 1 | B20: Puntaje base ponderado = promedio de los 4 atributos, pesado por la formacion elegida (Capa A1).
A21: Paso 2 | B21: x Multiplicador de fit estilo-formacion (Capa A2).
A22: Paso 3 | B22: x Multiplicador de matchup contra la formacion rival (Capa B).
A23: Paso 4 | B23: + variacion aleatoria acotada (tope fijo, por defecto +/- 8 puntos).
A24: Resultado | B24: Gana el cruce el DT con el puntaje final mas alto.
A26: POR QUE EL AZAR NO ROMPE EL JUEGO
A27: Regla de diseno | B27: El azar es un valor ABSOLUTO acotado (+/- 8), no un porcentaje del puntaje. Como el swing maximo entre dos DTs es de 16 puntos, ninguna diferencia de habilidad mayor a 16 puntos puede darse vuelta por suerte. Con diferencias chicas (empate tecnico), el azar si decide: eso es lo que hace que cada partida tenga tension.

Sheet Capa_A1_Pesos
A1: CAPA A1 - Ponderadores de formacion por atributo
A2: Cuanto potencia (>1.00) o penaliza (<1.00) cada formacion a cada atributo propio. Parametros de balanceo: editables.
A3: Formacion | B3: Ataque | C3: Creacion | D3: Defensa | E3: Presion | F3: Logica futbolistica
A4: 4-3-3 | B4: 1.1 | C4: 1.3 | D4: 0.9 | E4: 1.05 | F4: Trio de mediocampo = maxima creacion y triangulos; solo 4 atras y extremos que no siempre vuelven = defensa floja.
A5: 4-2-3-1 | B5: 1.05 | C5: 1.2 | D5: 1.05 | E5: 1 | F5: Doble pivote + enganche: equilibrio total, buena creacion sin desproteger el fondo. El sistema mas 'neutro'.
A6: 4-4-2 | B6: 1.15 | C6: 0.85 | D6: 1.1 | E6: 1.05 | F6: Dos lineas de cuatro muy compactas y dos puntas para el juego directo; en el medio con solo 2 centrales pierde la creacion.
A7: 3-5-2 / 5-3-2 | B7: 0.85 | C7: 1.05 | D7: 1.25 | E7: 0.9 | F7: Central extra = colchon de cobertura, maxima solidez; pocos hombres arriba y carrileros que deben recorrer todo el carril = ataque y presion bajos.
A8: 3-4-3 | B8: 1.3 | C8: 1.1 | D8: 0.75 | E8: 1.15 | F8: Mucha gente arriba y en el medio = ataque y presion altos; linea de 3 atras = el punto mas fragil del sistema.
A10: Nota: | B10: Valores fijados por criterio de diseno (no hay dato publico que asigne un numero a esto). Son la palanca principal de balanceo del juego.

Sheet Capa_A2_Fit
A1: CAPA A2 - Fit entre modelo de juego y formacion
A2: Responde: 'la formacion que elegi, sirve para el futbol que quiero jugar?'. Multiplicador sobre el puntaje propio.
A4: MULTIPLICADORES (los usa la Calculadora)
A5: Estilo \ Formacion | B5: 4-3-3 | C5: 4-2-3-1 | D5: 4-4-2 | E5: 3-5-2 / 5-3-2 | F5: 3-4-3
A6: Posesion | B6: 1.12 | C6: 1.12 | D6: 0.86 | E6: 1.06 | F6: 1
A7: Contraataque / Directo | B7: 1 | C7: 1 | D7: 1.12 | E7: 0.94 | F7: 1.12
A8: Presion alta | B8: 1.12 | C8: 1.12 | D8: 1 | E8: 0.86 | F8: 1.06
A9: Bloque bajo / Repliegue | B9: 0.86 | C9: 1 | D9: 1.12 | E9: 1.12 | F9: 0.86
A12: MISMA TABLA EN PALABRAS (referencia, no se usa en el calculo)
A13: Estilo \ Formacion | B13: 4-3-3 | C13: 4-2-3-1 | D13: 4-4-2 | E13: 3-5-2 / 5-3-2 | F13: 3-4-3
A14: Posesion | B14: Alto | C14: Alto | D14: Bajo | E14: Medio-alto | F14: Medio
A15: Contraataque / Directo | B15: Medio | C15: Medio | D15: Alto | E15: Medio-bajo | F15: Alto
A16: Presion alta | B16: Alto | C16: Alto | D16: Medio | E16: Bajo | F16: Medio-alto
A17: Bloque bajo / Repliegue | B17: Bajo | C17: Medio | D17: Alto | E17: Alto | F17: Bajo
A19: ESCALA
A20: Alto | B20: 1.12 | C20: La formacion es el vehiculo natural de ese modelo de juego.
A21: Medio-alto | B21: 1.06 | C21: Funciona bien, con alguna friccion.
A22: Medio | B22: 1 | C22: Ni ayuda ni molesta.
A23: Medio-bajo | B23: 0.94 | C23: Se puede, pero remando.
A24: Bajo | B24: 0.86 | C24: La estructura contradice al modelo de juego: no se generan las conexiones que el estilo necesita.

Sheet Capa_B_Matchup
A1: CAPA B - Matriz de matchup: mi formacion CONTRA la formacion rival
A2: Fila = mi formacion. Columna = formacion del rival. >1.00 = le gano la zona; <1.00 = me la gana. Cada par suma 2.00 (antisimetrica).
A4: Mi formacion \ Rival | B4: 4-3-3 | C4: 4-2-3-1 | D4: 4-4-2 | E4: 3-5-2 / 5-3-2 | F4: 3-4-3
A5: 4-3-3 | B5: 1 | C5: 1 | D5: 1.06 | E5: 1.04 | F5: 0.95
A6: 4-2-3-1 | B6: 1 | C6: 1 | D6: 1.05 | E6: 0.97 | F6: 1.03
A7: 4-4-2 | B7: 0.94 | C7: 0.95 | D7: 1 | E7: 0.96 | F7: 1.05
A8: 3-5-2 / 5-3-2 | B8: 0.96 | C8: 1.03 | D8: 1.04 | E8: 1 | F8: 1.06
A9: 3-4-3 | B9: 1.05 | C9: 0.97 | D9: 0.95 | E9: 0.94 | F9: 1
A11: CONTROL: cada par debe sumar 2.00
A12: Suma X vs Y | B12: 4-3-3 | C12: 4-2-3-1 | D12: 4-4-2 | E12: 3-5-2 / 5-3-2 | F12: 3-4-3
A13: 4-3-3 | B13: =B5+B5 -> 2 | C13: =C5+B6 -> 2 | D13: =D5+B7 -> 2 | E13: =E5+B8 -> 2 | F13: =F5+B9 -> 2
A14: 4-2-3-1 | B14: =B6+C5 -> 2 | C14: =C6+C6 -> 2 | D14: =D6+C7 -> 2 | E14: =E6+C8 -> 2 | F14: =F6+C9 -> 2
A15: 4-4-2 | B15: =B7+D5 -> 2 | C15: =C7+D6 -> 2 | D15: =D7+D7 -> 2 | E15: =E7+D8 -> 2 | F15: =F7+D9 -> 2
A16: 3-5-2 / 5-3-2 | B16: =B8+E5 -> 2 | C16: =C8+E6 -> 2 | D16: =D8+E7 -> 2 | E16: =E8+E8 -> 2 | F16: =F8+E9 -> 2
A17: 3-4-3 | B17: =B9+F5 -> 2 | C17: =C9+F6 -> 2 | D17: =D9+F7 -> 2 | E17: =E9+F8 -> 2 | F17: =F9+F9 -> 2
A19: CICLOS NO TRANSITIVOS (por que no existe una formacion 'meta' invencible)
A20: Ciclo 1: 4-3-3 le gana a 4-4-2 | 4-4-2 le gana a 3-4-3 | 3-4-3 le gana a 4-3-3
A21: Ciclo 2: 4-2-3-1 le gana a 3-4-3 | 3-4-3 le gana a 4-3-3 | 4-3-3 le gana a 3-5-2 | 3-5-2 le gana a 4-2-3-1
A23: Consecuencia de diseno: elegir formacion no es buscar 'la mejor', es leer contra que juega el rival. Eso premia conocimiento futbolistico, no memorizar una tabla.

Sheet Calculadora
A1: CALCULADORA DE CRUCE 1v1
A2: Cargar los datos de los dos DTs en las celdas amarillas. El resto se calcula solo.
A4: ENTRADAS | B4: DT A | C4: DT B | D4: Nota
A5: Ataque (0-100) | B5: 78 | C5: 62 | D5: Sale de fichajes ofensivos, sobres de delanteros, decisiones de temporada.
A6: Creacion (0-100) | B6: 84 | C6: 55 | D6: Volantes, enganches, decisiones de filosofia de juego.
A7: Defensa (0-100) | B7: 66 | C7: 71 | D7: Zagueros, arquero, decisiones de bloque.
A8: Presion / Aguante (0-100) | B8: 72 | C8: 60 | D8: Estado fisico del plantel, rotaciones, cohesion de vestuario.
A9: Formacion | B9: 4-3-3 | C9: 3-5-2 / 5-3-2 | D9: Elegir de la lista desplegable.
A10: Modelo de juego | B10: Posesion | C10: Bloque bajo / Repliegue | D10: Elegir de la lista desplegable.
A11: Variacion aleatoria (tirada) | B11: 3 | C11: -5 | D11: En el juego lo tira el motor. Debe caer entre -Tope y +Tope (celda B14).
A13: PARAMETRO DE BALANCEO
A14: Tope de azar (+/-) | B14: 8 | D14: Subirlo = mas suerte, mas caotico. Bajarlo = mas puro conocimiento tactico.
A15: Swing maximo entre DTs | B15: =B14*2 -> 16 | D15: Diferencia de puntaje que el azar puede dar vuelta como maximo.
A17: CALCULO | B17: DT A | C17: DT B | D17: De donde sale
A18: Peso Ataque | B18: =INDEX(Capa_A1_Pesos!$B$4:$E$8,MATCH(B$9,Capa_A1_Pesos!$A$4:$A$8,0),1) -> 1.1 | C18: =INDEX(Capa_A1_Pesos!$B$4:$E$8,MATCH(C$9,Capa_A1_Pesos!$A$4:$A$8,0),1) -> 0.85 | D18: Capa_A1_Pesos
A19: Peso Creacion | B19: =INDEX(Capa_A1_Pesos!$B$4:$E$8,MATCH(B$9,Capa_A1_Pesos!$A$4:$A$8,0),2) -> 1.3 | C19: =INDEX(Capa_A1_Pesos!$B$4:$E$8,MATCH(C$9,Capa_A1_Pesos!$A$4:$A$8,0),2) -> 1.05 | D19: Capa_A1_Pesos
A20: Peso Defensa | B20: =INDEX(Capa_A1_Pesos!$B$4:$E$8,MATCH(B$9,Capa_A1_Pesos!$A$4:$A$8,0),3) -> 0.9 | C20: =INDEX(Capa_A1_Pesos!$B$4:$E$8,MATCH(C$9,Capa_A1_Pesos!$A$4:$A$8,0),3) -> 1.25 | D20: Capa_A1_Pesos
A21: Peso Presion | B21: =INDEX(Capa_A1_Pesos!$B$4:$E$8,MATCH(B$9,Capa_A1_Pesos!$A$4:$A$8,0),4) -> 1.05 | C21: =INDEX(Capa_A1_Pesos!$B$4:$E$8,MATCH(C$9,Capa_A1_Pesos!$A$4:$A$8,0),4) -> 0.9 | D21: Capa_A1_Pesos
A22: Puntaje base ponderado | B22: =SUMPRODUCT(B5:B8,B18:B21)/SUM(B18:B21) -> 75.862069 | C22: =SUMPRODUCT(C5:C8,C18:C21)/SUM(C18:C21) -> 62.518519 | D22: Promedio de los 4 atributos, pesado por la formacion (Paso 1).
A23: x Fit estilo-formacion (Capa A2) | B23: =INDEX(Capa_A2_Fit!$B$6:$F$9,MATCH(B$10,Capa_A2_Fit!$A$6:$A$9,0),MATCH(B$9,Capa_A2_Fit!$B$5:$F$5,0)) -> 1.12 | C23: =INDEX(Capa_A2_Fit!$B$6:$F$9,MATCH(C$10,Capa_A2_Fit!$A$6:$A$9,0),MATCH(C$9,Capa_A2_Fit!$B$5:$F$5,0)) -> 1.12 | D23: Capa_A2_Fit (Paso 2).
A24: x Matchup vs rival (Capa B) | B24: =INDEX(Capa_B_Matchup!$B$5:$F$9,MATCH(B$9,Capa_B_Matchup!$A$5:$A$9,0),MATCH(C$9,Capa_B_Matchup!$B$4:$F$4,0)) -> 1.04 | C24: =INDEX(Capa_B_Matchup!$B$5:$F$9,MATCH(C$9,Capa_B_Matchup!$A$5:$A$9,0),MATCH(B$9,Capa_B_Matchup!$B$4:$F$4,0)) -> 0.96 | D24: Capa_B_Matchup, cruzando su formacion contra la del rival (Paso 3).
A25: Puntaje ajustado (sin azar) | B25: =B22*B23*B24 -> 88.364138 | C25: =C22*C23*C24 -> 67.219911 | D25: Este es el puntaje que refleja PURO conocimiento tactico.
A26: Variacion aleatoria (Paso 4) | B26: =B11 -> 3 | C26: =C11 -> -5 | D26: Paso 4.
A27: RESULTADO FINAL DEL CRUCE | B27: =B25+B26 -> 91.364138 | C27: =C25+C26 -> 62.219911
A29: VEREDICTO
A30: Gana el cruce | B30: =IF(B27>C27,"DT A",IF(C27>B27,"DT B","Empate")) -> DT A
A31: Diferencia final | B31: =ABS(B27-C27) -> 29.144227
A32: Diferencia por tactica (sin azar) | B32: =ABS(B25-C25) -> 21.144227
A33: El azar podia dar vuelta este cruce? | B33: =IF(ABS(B25-C25)<=B15,"SI - empate tecnico, el azar decide","NO - la brecha tactica es mayor que el swing del azar") -> NO - la brecha tactica es mayor que el swing del azar
A34: Coincide el ganador tactico con el final? | B34: =IF(SIGN(B25-C25)=SIGN(B27-C27),"SI","NO - lo dio vuelta el azar") -> SI

Sheet Test_Balance
A1: TEST DE BALANCE - el azar no puede dar vuelta una brecha de conocimiento
A2: Cada fila calcula el puntaje ajustado (sin azar) de los dos DTs y verifica si el swing maximo del azar alcanza para revertirlo.
A4: Escenario | B4: Atq A | C4: Cre A | D4: Def A | E4: Pre A | F4: Formacion A | G4: Estilo A | H4: Atq B | I4: Cre B | J4: Def B | K4: Pre B | L4: Formacion B | M4: Estilo B | N4: Ajustado A | O4: Ajustado B | P4: Brecha | Q4: Puede el azar darlo vuelta?
A5: 1. Crack tactico vs desastre | B5: 85 | C5: 88 | D5: 80 | E5: 82 | F5: 4-3-3 | G5: Posesion | H5: 60 | I5: 55 | J5: 62 | K5: 58 | L5: 4-4-2 | M5: Posesion | N5: =SUMPRODUCT(B5:E5,INDEX(Capa_A1_Pesos!$B$4:$E$8,MATCH(F5,Capa_A1_Pesos!$A$4:$A$8,0),0))/SUM(INDEX(Capa_A1_Pesos!$B$4:$E$8,MATCH(F5,Capa_A1_Pesos!$A$4:$A$8,0),0))*INDEX(Capa_A2_Fit!$B$6:$F$9,MATCH(G5,Capa_A2_Fit!$A$6:$A$9,0),MATCH(F5,Capa_A2_Fit!$B$5:$F$5,0))*INDEX(Capa_B_Matchup!$B$5:$F$9,MATCH(F5,Capa_B_Matchup!$A$5:$A$9,0),MATCH(L5,Capa_B_Matchup!$B$4:$F$4,0)) -> 99.888552 | O5: =SUMPRODUCT(H5:K5,INDEX(Capa_A1_Pesos!$B$4:$E$8,MATCH(L5,Capa_A1_Pesos!$A$4:$A$8,0),0))/SUM(INDEX(Capa_A1_Pesos!$B$4:$E$8,MATCH(L5,Capa_A1_Pesos!$A$4:$A$8,0),0))*INDEX(Capa_A2_Fit!$B$6:$F$9,MATCH(M5,Capa_A2_Fit!$A$6:$A$9,0),MATCH(L5,Capa_A2_Fit!$B$5:$F$5,0))*INDEX(Capa_B_Matchup!$B$5:$F$9,MATCH(L5,Capa_B_Matchup!$A$5:$A$9,0),MATCH(F5,Capa_B_Matchup!$B$4:$F$4,0)) -> 47.6956 | P5: =ABS(N5-O5) -> 52.192952 | Q5: =IF(ABS(N5-O5)<=Calculadora!$B$15,"SI - empate tecnico","NO - decide la tactica") -> NO - decide la tactica
A6: 2. Mismo plantel, uno lo usa bien | B6: 55 | C6: 52 | D6: 88 | E6: 60 | F6: 3-5-2 / 5-3-2 | G6: Bloque bajo / Repliegue | H6: 55 | I6: 52 | J6: 88 | K6: 60 | L6: 3-4-3 | M6: Posesion | N6: =SUMPRODUCT(B6:E6,INDEX(Capa_A1_Pesos!$B$4:$E$8,MATCH(F6,Capa_A1_Pesos!$A$4:$A$8,0),0))/SUM(INDEX(Capa_A1_Pesos!$B$4:$E$8,MATCH(F6,Capa_A1_Pesos!$A$4:$A$8,0),0))*INDEX(Capa_A2_Fit!$B$6:$F$9,MATCH(G6,Capa_A2_Fit!$A$6:$A$9,0),MATCH(F6,Capa_A2_Fit!$B$5:$F$5,0))*INDEX(Capa_B_Matchup!$B$5:$F$9,MATCH(F6,Capa_B_Matchup!$A$5:$A$9,0),MATCH(L6,Capa_B_Matchup!$B$4:$F$4,0)) -> 77.783585 | O6: =SUMPRODUCT(H6:K6,INDEX(Capa_A1_Pesos!$B$4:$E$8,MATCH(L6,Capa_A1_Pesos!$A$4:$A$8,0),0))/SUM(INDEX(Capa_A1_Pesos!$B$4:$E$8,MATCH(L6,Capa_A1_Pesos!$A$4:$A$8,0),0))*INDEX(Capa_A2_Fit!$B$6:$F$9,MATCH(M6,Capa_A2_Fit!$A$6:$A$9,0),MATCH(L6,Capa_A2_Fit!$B$5:$F$5,0))*INDEX(Capa_B_Matchup!$B$5:$F$9,MATCH(L6,Capa_B_Matchup!$A$5:$A$9,0),MATCH(F6,Capa_B_Matchup!$B$4:$F$4,0)) -> 57.646047 | P6: =ABS(N6-O6) -> 20.137539 | Q6: =IF(ABS(N6-O6)<=Calculadora!$B$15,"SI - empate tecnico","NO - decide la tactica") -> NO - decide la tactica
A7: 3. Empate tecnico (el azar decide) | B7: 74 | C7: 70 | D7: 72 | E7: 71 | F7: 4-2-3-1 | G7: Presion alta | H7: 72 | I7: 73 | J7: 70 | K7: 74 | L7: 4-3-3 | M7: Presion alta | N7: =SUMPRODUCT(B7:E7,INDEX(Capa_A1_Pesos!$B$4:$E$8,MATCH(F7,Capa_A1_Pesos!$A$4:$A$8,0),0))/SUM(INDEX(Capa_A1_Pesos!$B$4:$E$8,MATCH(F7,Capa_A1_Pesos!$A$4:$A$8,0),0))*INDEX(Capa_A2_Fit!$B$6:$F$9,MATCH(G7,Capa_A2_Fit!$A$6:$A$9,0),MATCH(F7,Capa_A2_Fit!$B$5:$F$5,0))*INDEX(Capa_B_Matchup!$B$5:$F$9,MATCH(F7,Capa_B_Matchup!$A$5:$A$9,0),MATCH(L7,Capa_B_Matchup!$B$4:$F$4,0)) -> 80.301395 | O7: =SUMPRODUCT(H7:K7,INDEX(Capa_A1_Pesos!$B$4:$E$8,MATCH(L7,Capa_A1_Pesos!$A$4:$A$8,0),0))/SUM(INDEX(Capa_A1_Pesos!$B$4:$E$8,MATCH(L7,Capa_A1_Pesos!$A$4:$A$8,0),0))*INDEX(Capa_A2_Fit!$B$6:$F$9,MATCH(M7,Capa_A2_Fit!$A$6:$A$9,0),MATCH(L7,Capa_A2_Fit!$B$5:$F$5,0))*INDEX(Capa_B_Matchup!$B$5:$F$9,MATCH(L7,Capa_B_Matchup!$A$5:$A$9,0),MATCH(F7,Capa_B_Matchup!$B$4:$F$4,0)) -> 81.051954 | P7: =ABS(N7-O7) -> 0.75055867 | Q7: =IF(ABS(N7-O7)<=Calculadora!$B$15,"SI - empate tecnico","NO - decide la tactica") -> SI - empate tecnico
A8: 4. Plantel flojo pero bien leido | B8: 62 | C8: 58 | D8: 78 | E8: 64 | F8: 3-5-2 / 5-3-2 | G8: Bloque bajo / Repliegue | H8: 70 | I8: 66 | J8: 68 | K8: 70 | L8: 3-4-3 | M8: Bloque bajo / Repliegue | N8: =SUMPRODUCT(B8:E8,INDEX(Capa_A1_Pesos!$B$4:$E$8,MATCH(F8,Capa_A1_Pesos!$A$4:$A$8,0),0))/SUM(INDEX(Capa_A1_Pesos!$B$4:$E$8,MATCH(F8,Capa_A1_Pesos!$A$4:$A$8,0),0))*INDEX(Capa_A2_Fit!$B$6:$F$9,MATCH(G8,Capa_A2_Fit!$A$6:$A$9,0),MATCH(F8,Capa_A2_Fit!$B$5:$F$5,0))*INDEX(Capa_B_Matchup!$B$5:$F$9,MATCH(F8,Capa_B_Matchup!$A$5:$A$9,0),MATCH(L8,Capa_B_Matchup!$B$4:$F$4,0)) -> 78.76559 | O8: =SUMPRODUCT(H8:K8,INDEX(Capa_A1_Pesos!$B$4:$E$8,MATCH(L8,Capa_A1_Pesos!$A$4:$A$8,0),0))/SUM(INDEX(Capa_A1_Pesos!$B$4:$E$8,MATCH(L8,Capa_A1_Pesos!$A$4:$A$8,0),0))*INDEX(Capa_A2_Fit!$B$6:$F$9,MATCH(M8,Capa_A2_Fit!$A$6:$A$9,0),MATCH(L8,Capa_A2_Fit!$B$5:$F$5,0))*INDEX(Capa_B_Matchup!$B$5:$F$9,MATCH(L8,Capa_B_Matchup!$A$5:$A$9,0),MATCH(F8,Capa_B_Matchup!$B$4:$F$4,0)) -> 55.4788 | P8: =ABS(N8-O8) -> 23.28679 | Q8: =IF(ABS(N8-O8)<=Calculadora!$B$15,"SI - empate tecnico","NO - decide la tactica") -> NO - decide la tactica
A9: 5. Plantel top pero mal usado | B9: 88 | C9: 90 | D9: 84 | E9: 86 | F9: 3-5-2 / 5-3-2 | G9: Presion alta | H9: 70 | I9: 68 | J9: 72 | K9: 70 | L9: 4-3-3 | M9: Posesion | N9: =SUMPRODUCT(B9:E9,INDEX(Capa_A1_Pesos!$B$4:$E$8,MATCH(F9,Capa_A1_Pesos!$A$4:$A$8,0),0))/SUM(INDEX(Capa_A1_Pesos!$B$4:$E$8,MATCH(F9,Capa_A1_Pesos!$A$4:$A$8,0),0))*INDEX(Capa_A2_Fit!$B$6:$F$9,MATCH(G9,Capa_A2_Fit!$A$6:$A$9,0),MATCH(F9,Capa_A2_Fit!$B$5:$F$5,0))*INDEX(Capa_B_Matchup!$B$5:$F$9,MATCH(F9,Capa_B_Matchup!$A$5:$A$9,0),MATCH(L9,Capa_B_Matchup!$B$4:$F$4,0)) -> 71.694696 | O9: =SUMPRODUCT(H9:K9,INDEX(Capa_A1_Pesos!$B$4:$E$8,MATCH(L9,Capa_A1_Pesos!$A$4:$A$8,0),0))/SUM(INDEX(Capa_A1_Pesos!$B$4:$E$8,MATCH(L9,Capa_A1_Pesos!$A$4:$A$8,0),0))*INDEX(Capa_A2_Fit!$B$6:$F$9,MATCH(M9,Capa_A2_Fit!$A$6:$A$9,0),MATCH(L9,Capa_A2_Fit!$B$5:$F$5,0))*INDEX(Capa_B_Matchup!$B$5:$F$9,MATCH(L9,Capa_B_Matchup!$A$5:$A$9,0),MATCH(F9,Capa_B_Matchup!$B$4:$F$4,0)) -> 81.321784 | P9: =ABS(N9-O9) -> 9.6270876 | Q9: =IF(ABS(N9-O9)<=Calculadora!$B$15,"SI - empate tecnico","NO - decide la tactica") -> SI - empate tecnico
A11: Lectura:
A12: Escenarios 1 y 5: brecha grande -> el azar no llega, gana el que sabe. Escenario 2: mismo plantel exacto, distinta lectura -> la brecha la genera SOLO la decision tactica. Escenario 3: empate tecnico -> ahi si el azar decide, y esta bien que asi sea.

Sheet Notas_Tacticas
A1: NOTAS TACTICAS - justificacion de los numeros
A3: Cruce / Concepto | B3: Que dice el modelo | C3: Fundamento futbolistico | D3: Fuente
A4: 4-4-2 vs sistemas de 3 volantes (4-3-3, 4-2-3-1, 3-5-2, 3-4-3) | B4: 4-4-2 penalizado (0.94 - 0.96) | C4: Con solo dos volantes centrales, el 4-4-2 queda en inferioridad numerica en el circulo central contra cualquier sistema de tres medios, y pierde el control de la pelota. | D4: The Coaches' Voice / analisis de formaciones
A5: 4-2-3-1 vs 4-4-2 | B5: 4-2-3-1 con ventaja (1.05) | C5: El doble pivote mas el enganche que baja generan superioridad numerica en el centro justamente contra rivales que forman una primera linea de dos volantes. | D5: The Coaches' Voice
A6: 4-3-3 vs 3-5-2 / 5-3-2 | B6: 4-3-3 con ventaja (1.04) | C6: El 4-3-3 pierde el pulso central (3 contra 5) pero castiga el espacio que dejan los carrileros al subir. Es el contra clasico por amplitud. | D6: Analisis de contras al 3-5-2
A7: 3-5-2 / 5-3-2 vs 4-4-2 | B7: 3-5-2 con ventaja (1.04) | C7: El 4-4-2 sufre especificamente contra el 3-5-2: sus volantes quedan facilmente superados en numero. | D7: The PFSA - formaciones de futbol
A8: 3-4-3 vs 4-3-3 | B8: 3-4-3 con ventaja (1.05) | C8: Cuatro volantes contra tres, mas los extremos atacando a los laterales, generan sobrecarga. El costo es la fragilidad de la linea de 3. | D8: Criterio de superioridad numerica por zona
A9: 4-4-2 vs 3-4-3 | B9: 4-4-2 con ventaja (1.05) | C9: Las dos lineas de cuatro cierran los espacios interiores y el juego directo castiga la linea de 3 en las transiciones. | D9: Criterio de superioridad numerica por zona
A10: Posesion en 4-3-3 / 4-2-3-1 | B10: Fit Alto (1.12) | C10: El trio de mediocampo y el enganche generan los triangulos y las conexiones cortas que la posesion necesita. Son los vehiculos naturales del estilo. | D10: Guias tacticas de formaciones
A11: Posesion en 4-4-2 plano | B11: Fit Bajo (0.86) | C11: Dos lineas separadas de cuatro no generan triangulos ni opciones de pase corto: la estructura contradice al modelo de juego. | D11: Criterio de diseno + analisis del 4-4-2
A12: Bloque bajo en 4-3-3 | B12: Fit Bajo (0.86) | C12: El 4-3-3 replegado deja al delantero centro aislado y sin apoyo, sin salida posible tras la recuperacion. | D12: The Coaches' Voice
A13: Bloque bajo en 4-4-2 y 3-5-2 / 5-3-2 | B13: Fit Alto (1.12) | C13: Dos lineas de cuatro muy compactas, o un central extra de cobertura, son las estructuras pensadas para defender el area. | D13: Guias tacticas de formaciones
A14: Presion alta en 3-5-2 / 5-3-2 | B14: Fit Bajo (0.86) | C14: La estructura esta pensada para replegar, no para adelantar el bloque; los carrileros no llegan a sostener la presion arriba. | D14: Criterio de diseno + analisis del 3-5-2
A15: Aclaracion sobre las fuentes | B15: - | C15: Los CONCEPTOS (quien le gana la zona a quien, y por que) salen de analisis tactico profesional. Los NUMEROS son criterio de diseno propio: no existe dato publico confiable que asigne un multiplicador a un cruce de formaciones. Todos los valores son editables para balancear. | D15: -
